{
	"code":0,
	"message":"OK",
	"data":{
		"content":"内容描述",
		"banners":[
			"https://m.360buyimg.com/mobilecms/s750x750_jfs/t21841/220/511398767/264686/1baa44ab/5b0fca14Nc58ff97f.jpg!q80.dpg",
					"https://m.360buyimg.com/mobilecms/s750x750_jfs/t20284/199/510812106/55652/836097aa/5b0fca18N084af63f.jpg!q80.dpg",
					"https://m.360buyimg.com/mobilecms/s750x750_jfs/t20338/191/534453121/29336/911fc997/5b0fca1bN6d8ef731.jpg!q80.dpg"
		],
		"tabs":[
			{
				"name":"商品详情",
				"pictures":[
					"https://m.360buyimg.com/mobilecms/s750x750_jfs/t21841/220/511398767/264686/1baa44ab/5b0fca14Nc58ff97f.jpg!q80.dpg",
					"https://m.360buyimg.com/mobilecms/s750x750_jfs/t20284/199/510812106/55652/836097aa/5b0fca18N084af63f.jpg!q80.dpg",
					"https://m.360buyimg.com/mobilecms/s750x750_jfs/t20338/191/534453121/29336/911fc997/5b0fca1bN6d8ef731.jpg!q80.dpg",
					"https://m.360buyimg.com/mobilecms/s750x750_jfs/t20287/223/503085215/222846/d3f20567/5b0fca20Nce39e2b9.jpg!q80.dpg"
				]
			},
			{
				"name":"规格参数",
				"pictures":[
					"https://m.360buyimg.com/mobilecms/s750x750_jfs/t20287/223/503085215/222846/d3f20567/5b0fca20Nce39e2b9.jpg!q80.dpg",
					"https://m.360buyimg.com/mobilecms/s750x750_jfs/t20287/223/503085215/222846/d3f20567/5b0fca20Nce39e2b9.jpg!q80.dpg",
					"https://m.360buyimg.com/mobilecms/s750x750_jfs/t20287/223/503085215/222846/d3f20567/5b0fca20Nce39e2b9.jpg!q80.dpg",
					"https://m.360buyimg.com/mobilecms/s750x750_jfs/t20287/223/503085215/222846/d3f20567/5b0fca20Nce39e2b9.jpg!q80.dpg",
					"https://m.360buyimg.com/mobilecms/s750x750_jfs/t20287/223/503085215/222846/d3f20567/5b0fca20Nce39e2b9.jpg!q80.dpg",
					"https://m.360buyimg.com/mobilecms/s750x750_jfs/t20287/223/503085215/222846/d3f20567/5b0fca20Nce39e2b9.jpg!q80.dpg",
					"https://m.360buyimg.com/mobilecms/s750x750_jfs/t20287/223/503085215/222846/d3f20567/5b0fca20Nce39e2b9.jpg!q80.dpg",
					"https://m.360buyimg.com/mobilecms/s750x750_jfs/t20287/223/503085215/222846/d3f20567/5b0fca20Nce39e2b9.jpg!q80.dpg",
					"https://m.360buyimg.com/mobilecms/s750x750_jfs/t20287/223/503085215/222846/d3f20567/5b0fca20Nce39e2b9.jpg!q80.dpg",
					"https://m.360buyimg.com/mobilecms/s750x750_jfs/t20287/223/503085215/222846/d3f20567/5b0fca20Nce39e2b9.jpg!q80.dpg",
					"https://m.360buyimg.com/mobilecms/s750x750_jfs/t20287/223/503085215/222846/d3f20567/5b0fca20Nce39e2b9.jpg!q80.dpg",
					"https://m.360buyimg.com/mobilecms/s750x750_jfs/t20287/223/503085215/222846/d3f20567/5b0fca20Nce39e2b9.jpg!q80.dpg"
				]
			}
		],
		"specifications":"规格参数",
		"inventory":"商品中包含了那些东西的清单",
		"id":1,
		"name":"小米8 6G+128GB 白色",
		"description":"描述/  128GB/  8",
		"price":1988,
		"thumb":"https://img13.360buyimg.com/n2/s240x240_jfs/t19912/33/927199229/297549/8c269ff0/5b0fca0fN8d5600df.jpg!q70.jpg.webp"
	}
}