{
	"code":0,
	"message":"OK",
	"data":[
		{
			"title":"商品标题1",
			"desc":"商品信息描述1",
			"id":1,
			"price":1.00,
			"count":2,
			"thumb":"https://m.360buyimg.com/mobilecms/s220x220_jfs/t20077/33/1247593060/132604/47f0b2e1/5b19020fN8da8035f.jpg!q70.jpg"
		},
		{
			"title":"商品标题2",
			"desc":"商品信息描述2",
			"id":2,
			"price":4.00,
			"count":1,
			"thumb":"https://m.360buyimg.com/mobilecms/s220x220_jfs/t3073/346/7325956674/184633/1165b4b7/58b538c8Na905727e.jpg!q70.jpg"				
		}
	]
}