{
	"code":0,
	"message":"OK",
	"data":[
	{
		"id":1,
		"section":"标题1",
		"goods":[
			{
				"goods_id":3,
				"goods_thumb":"http://img20.360buyimg.com/focus/jfs/t17962/238/2678578741/19614/71205ad3/5b056472N771896da.png",
				"goods_name":"品牌1"
			},
			{
				"goods_id":4,
				"goods_thumb":"http://img20.360buyimg.com/focus/jfs/t17962/238/2678578741/19614/71205ad3/5b056472N771896da.png",
				"goods_name":"品牌2"
			},
			{
				"goods_id":5,
				"goods_thumb":"http://img20.360buyimg.com/focus/jfs/t17962/238/2678578741/19614/71205ad3/5b056472N771896da.png",
				"goods_name":"品牌3"
			},
			{
				"goods_id":6,
				"goods_thumb":"http://img20.360buyimg.com/focus/jfs/t17962/238/2678578741/19614/71205ad3/5b056472N771896da.png",
				"goods_name":"品牌4"
			}
		]
	}

	]
}